<?xml version="1.0" encoding="UTF-8" ?>
<configuration>

<appender name="STDOUT" class="ch.qos.logback.core.ConsoleAppender">
    <filter class="ch.qos.logback.classic.filter.ThresholdFilter">
        <level>INFO</level>
    </filter>
     <encoder class="ch.qos.logback.classic.encoder.PatternLayoutEncoder">
            <pattern>%d{HH:mm:ss.SSS} [%thread] %-5level  %class{36}.%M %L  - %msg%n</pattern>
     </encoder>
</appender>

    <root level="INFO">
        <appender-ref ref="STDOUT"/>
    </root>

    <logger name="io.grpc.netty" level="INFO"/>
</configuration>